Sample_Name,AZU NR,Family_ID,Fam_code,Date of birth,Gender,Diagnosis,Date of sample collection,Type of sample,Serum,Plasma,Sample Comment,Notes,Time of inclusion,Place of inclusion,Age_Years,Age_Months,Basename,Sample_Plate,Sample_Well,Sentrix_ID,Sentrix_Position,Sample_Group
431-BG00535,7880957,,Proband,1958-07-09T00:00:00Z,F,Bipolar,2012-08-14T00:00:00Z,BLOOD,Not available,Not available,,,1899-12-31T10:00:00Z,Utrecht,54,649,208144140150_R08C01,Plate07,H10,208144140150,R08C01,431-BG00535
431-BG00535_REP,,,,,,,,,,,,,,,,,208139170141_R05C01,Plate07,E6,208139170141,R05C01,431-BG00535_REP
431-BG00609,9602534,431-BG00489,Sister,1947-12-19T00:00:00Z,F,Other,2012-04-19T00:00:00Z,BLOOD,Not available,Not available,,,1899-12-31T10:15:00Z,,64,772,208139170057_R02C01,Plate07,B2,208139170057,R02C01,431-BG00609
431-BG00609_REP,,,,,,,,,,,,,,,,,208139170057_R04C01,Plate07,D2,208139170057,R04C01,431-BG00609_REP
431-BG00634,5879505,,Proband,1934-02-11T00:00:00Z,F,Bipolar,2012-08-06T00:00:00Z,BLOOD,Available,Available,,,1899-12-31T12:00:00Z,,78,941,208139170139_R06C01,Plate07,F11,208139170139,R06C01,431-BG00634
431-BG00634_REP,,,,,,,,,,,,,,,,,208144140150_R07C01,Plate07,G10,208144140150,R07C01,431-BG00634_REP
431-BG00678,7565480,,Control,1986-02-01T00:00:00Z,M,Control,2012-05-02T00:00:00Z,BLOOD,Not available,Not available,,,1899-12-31T14:00:00Z,,26,315,208139170090_R02C01,Plate06,B5,208139170090,R02C01,431-BG00678
431-BG00678_REP,,,,,,,,,,,,,,,,,208139170148_R01C01,Plate06,A10,208139170148,R01C01,431-BG00678_REP
431-BG00684,9861704,,Proband,1948-10-24T00:00:00Z,F,Other,2012-05-21T00:00:00Z,BLOOD,Available,Available,,,1899-12-31T09:30:00Z,,63,762,208139170148_R02C01,Plate06,B10,208139170148,R02C01,431-BG00684
431-BG00684_REP,,,,,,,,,,,,,,,,,208139170088_R07C01,Plate06,G11,208139170088,R07C01,431-BG00684_REP
431-BG00719,7312250,,Proband,1971-03-27T00:00:00Z,F,Bipolar,2012-07-05T00:00:00Z,BLOOD,Available,Available,,,1899-12-31T11:00:00Z,UMC Utrecht,41,495,208139170093_R04C01,Plate07,D5,208139170093,R04C01,431-BG00719
431-BG00719_REP,,,,,,,,,,,,,,,,,208139170018_R03C01,Plate07,C3,208139170018,R03C01,431-BG00719_REP
431-BG00757,3871717,431-BG00756,Mother,1942-10-17T00:00:00Z,F,Control,2012-06-29T00:00:00Z,BLOOD,Not available,Not available,,,1899-12-31T10:00:00Z,,70,836,208139170139_R01C01,Plate07,A11,208139170139,R01C01,431-BG00757
431-BG00757_REP,,,,,,,,,,,,,,,,,208144140150_R03C01,Plate07,C10,208144140150,R03C01,431-BG00757_REP
431-BG00777,5280075,,Proband,1961-06-10T00:00:00Z,F,Bipolar,2012-06-25T00:00:00Z,BLOOD,Available,Available,,,1899-12-31T10:00:00Z,Utrecht,51,612,208250190095_R03C01,Plate07,C7,208250190095,R03C01,431-BG00777
431-BG00777_REP,,,,,,,,,,,,,,,,,208139170056_R02C01,Plate07,B4,208139170056,R02C01,431-BG00777_REP
431-BG00807,2062344,,Proband,1968-05-05T00:00:00Z,F,Bipolar,2012-07-17T00:00:00Z,BLOOD,Available,Available,,,1899-12-31T11:00:00Z,UMC Utrecht,44,530,208250190078_R07C01,Plate07,G9,208250190078,R07C01,431-BG00807
431-BG00807_REP,,,,,,,,,,,,,,,,,208139170141_R02C01,Plate07,B6,208139170141,R02C01,431-BG00807_REP
431-BG00810,9404094,,Proband,1987-12-14T00:00:00Z,F,Bipolar,2012-06-28T00:00:00Z,BLOOD,Available,Available,,,1899-12-31T10:00:00Z,,25,294,208250190126_R08C01,Plate07,H8,208250190126,R08C01,431-BG00810
431-BG00810_REP,,,,,,,,,,,,,,,,,208139170093_R01C01,Plate07,A5,208139170093,R01C01,431-BG00810_REP
431-BG00818,5225468,,Control,1976-08-13T00:00:00Z,F,Other,2012-06-29T00:00:00Z,BLOOD,Not available,Not available,,,1899-12-31T11:00:00Z,Utrecht,35,430,208139170139_R07C01,Plate07,G11,208139170139,R07C01,431-BG00818
431-BG00818_REP,,,,,,,,,,,,,,,,,208139170139_R02C01,Plate07,B11,208139170139,R02C01,431-BG00818_REP
431-BG00831,2988658,,Proband,1938-04-28T00:00:00Z,F,Other,2012-07-11T00:00:00Z,BLOOD,Available,Available,,,1899-12-31T10:00:00Z,Utrecht,74,890,208250190158_R02C01,Plate07,B12,208250190158,R02C01,431-BG00831
431-BG00831_REP,,,,,,,,,,,,,,,,,208139170139_R08C01,Plate07,H11,208139170139,R08C01,431-BG00831_REP
431-BG00844,1876273,,Proband,1939-01-17T00:00:00Z,M,Bipolar,2012-07-19T00:00:00Z,BLOOD,Available,Available,,,1899-12-31T12:00:00Z,Utrecht,73,882,208139170093_R08C01,Plate07,H5,208139170093,R08C01,431-BG00844
431-BG00844_REP,,,,,,,,,,,,,,,,,208139170018_R06C01,Plate07,F3,208139170018,R06C01,431-BG00844_REP
431-BG00871,9617453,,Control,1951-09-11T00:00:00Z,F,Control,2012-07-24T00:00:00Z,BLOOD,Not available,Not available,,,1899-12-31T10:00:00Z,utrecht,61,730,208250190158_R07C01,Plate07,G12,208250190158,R07C01,431-BG00871
431-BG00871_REP,,,,,,,,,,,,,,,,,208250190158_R04C01,Plate07,D12,208250190158,R04C01,431-BG00871_REP
